{"cameraMode":{"drawMode":0,"name":"Shaded","section":"Shading Mode"},"sceneLighting":true,"audioPlay":false,"sceneViewState":{"showFog":true,"showMaterialUpdate":false,"showSkybox":true,"showFlares":true,"showImageEffects":true,"showParticleSystems":true},"in2DMode":false,"pivot":{"x":334.66497802734377,"y":56.985015869140628,"z":0.0},"rotation":{"x":0.02143140509724617,"y":0.2929608225822449,"z":-0.006859205663204193,"w":0.9560226798057556},"size":800.2855224609375,"orthographic":false}