{"cameraMode":{"drawMode":0,"name":"Shaded","section":"Shading Mode"},"sceneLighting":true,"audioPlay":false,"sceneViewState":{"showFog":true,"showMaterialUpdate":false,"showSkybox":true,"showFlares":true,"showImageEffects":true,"showParticleSystems":true},"in2DMode":false,"pivot":{"x":-0.3360000252723694,"y":0.20399999618530274,"z":1.9739999771118165},"rotation":{"x":0.0964723527431488,"y":0.39275968074798586,"z":-0.040985945612192157,"w":0.9137499928474426},"size":1.0028746128082276,"orthographic":false}