{"cameraMode":{"drawMode":0,"name":"Shaded","section":"Shading Mode"},"sceneLighting":true,"audioPlay":false,"sceneViewState":{"showFog":true,"showMaterialUpdate":false,"showSkybox":true,"showFlares":true,"showImageEffects":true,"showParticleSystems":true},"in2DMode":false,"pivot":{"x":610.3782958984375,"y":233.7791748046875,"z":34.00634765625},"rotation":{"x":0.11800539493560791,"y":-0.06518466770648956,"z":0.007444098591804504,"w":0.9909932017326355},"size":716.8484497070313,"orthographic":false}