{"cameraMode":{"drawMode":0,"name":"Shaded","section":"Shading Mode"},"sceneLighting":true,"audioPlay":false,"sceneViewState":{"showFog":true,"showMaterialUpdate":false,"showSkybox":true,"showFlares":true,"showImageEffects":true,"showParticleSystems":true},"in2DMode":false,"pivot":{"x":-0.23260897397994996,"y":0.09322646260261536,"z":-1.8803844451904297},"rotation":{"x":0.043992362916469577,"y":0.9512723684310913,"z":-0.1628769338130951,"w":0.25866571068763735},"size":2.682206630706787,"orthographic":false}