{"cameraMode":{"drawMode":0,"name":"Shaded","section":"Shading Mode"},"sceneLighting":true,"audioPlay":false,"sceneViewState":{"showFog":true,"showMaterialUpdate":false,"showSkybox":true,"showFlares":true,"showImageEffects":true,"showParticleSystems":true},"in2DMode":false,"pivot":{"x":-0.45079922676086428,"y":0.32901597023010256,"z":-1.5996429920196534},"rotation":{"x":-0.049865398555994037,"y":0.9253572821617127,"z":-0.12982051074504853,"w":-0.35308560729026797},"size":1.7822067737579346,"orthographic":false}