{"cameraMode":{"drawMode":0,"name":"Shaded","section":"Shading Mode"},"sceneLighting":false,"audioPlay":false,"sceneViewState":{"showFog":true,"showMaterialUpdate":false,"showSkybox":false,"showFlares":true,"showImageEffects":true,"showParticleSystems":true},"in2DMode":false,"pivot":{"x":0.0,"y":0.012800738215446473,"z":0.0011370331048965455},"rotation":{"x":0.011507585644721985,"y":-0.8927755951881409,"z":0.022754674777388574,"w":0.44991013407707217},"size":0.32632070779800417,"orthographic":false}