{"cameraMode":{"drawMode":0,"name":"Shaded","section":"Shading Mode"},"sceneLighting":true,"audioPlay":false,"sceneViewState":{"showFog":true,"showMaterialUpdate":false,"showSkybox":true,"showFlares":true,"showImageEffects":true,"showParticleSystems":true},"in2DMode":false,"pivot":{"x":-0.800000011920929,"y":0.7789999842643738,"z":0.4320000112056732},"rotation":{"x":0.06967981904745102,"y":0.7057558298110962,"z":-0.07009854167699814,"w":0.7015332579612732},"size":2.7444465160369875,"orthographic":false}